{
  "seed": 0,
  "variant": "E4",
  "epoch": 30,
  "nparams_trainable": 3682,
  "train_loss_stepmean": 0.7984995388941607,
  "train_loss_diag": 0.6624574135654838,
  "train_acc_diag": 0.752,
  "train_gap_diag": 1.9348962007761001,
  "val_loss": 0.8907208721946226,
  "val_acc": 0.678,
  "val_gap": 1.8384763025045394,
  "test_loss": 0.9386762961403001,
  "test_acc": 0.668,
  "test_gap": 1.7903648880422116,
  "sec_epoch": 48.67874526977539,
  "sec_quantum_train": 18.311972856521606,
  "sec_quantum_val": 8.55653691291809,
  "sec_quantum_test": 8.570658683776855,
  "e3_fallback_quadrants_train_total": 0,
  "e3_fallback_quadrants_val_total": 0,
  "e3_fallback_quadrants_test_total": 0,
  "pred_hist_test": [
    52,
    52,
    54,
    40,
    58,
    46,
    46,
    51,
    50,
    51
  ],
  "feat_std_mean_test": 0.42340701818466187,
  "grad_e1_embed": 0.0,
  "grad_e4_embed": 0.9679442561932262,
  "grad_qkernel": 0.6531742770939251,
  "grad_head": 1.4380247593966227,
  "confusion_matrix_test": [
    [
      31,
      3,
      2,
      5,
      2,
      0,
      6,
      0,
      1,
      0
    ],
    [
      0,
      43,
      0,
      3,
      2,
      0,
      2,
      0,
      0,
      0
    ],
    [
      4,
      0,
      28,
      1,
      10,
      0,
      7,
      0,
      0,
      0
    ],
    [
      7,
      5,
      3,
      23,
      4,
      0,
      7,
      0,
      1,
      0
    ],
    [
      2,
      0,
      9,
      2,
      32,
      0,
      5,
      0,
      0,
      0
    ],
    [
      0,
      0,
      0,
      0,
      0,
      34,
      0,
      9,
      3,
      4
    ],
    [
      7,
      1,
      12,
      4,
      8,
      0,
      18,
      0,
      0,
      0
    ],
    [
      0,
      0,
      0,
      0,
      0,
      9,
      0,
      37,
      0,
      4
    ],
    [
      1,
      0,
      0,
      1,
      0,
      2,
      1,
      0,
      45,
      0
    ],
    [
      0,
      0,
      0,
      1,
      0,
      1,
      0,
      5,
      0,
      43
    ]
  ]
}