{
  "seed": 0,
  "variant": "E4",
  "epoch": 15,
  "nparams_trainable": 2978,
  "train_loss_stepmean": 0.5883293288887904,
  "train_loss_diag": 0.45133794680419914,
  "train_acc_diag": 0.848,
  "train_gap_diag": 5.058026549756527,
  "val_loss": 1.2262925595761818,
  "val_acc": 0.71,
  "val_gap": 5.007779155611992,
  "test_loss": 1.3418227268403657,
  "test_acc": 0.7,
  "test_gap": 5.051034212112427,
  "sec_epoch": 51.714489459991455,
  "sec_quantum_train": 19.707934141159058,
  "sec_quantum_val": 9.161006450653076,
  "sec_quantum_test": 9.298764705657959,
  "e3_fallback_quadrants_train_total": 0,
  "e3_fallback_quadrants_val_total": 0,
  "e3_fallback_quadrants_test_total": 0,
  "pred_hist_test": [
    52,
    41,
    47,
    45,
    43,
    35,
    71,
    49,
    52,
    65
  ],
  "feat_std_mean_test": 0.4711802005767822,
  "grad_e1_embed": 0.0,
  "grad_e4_embed": 0.02206426339518696,
  "grad_qkernel": 0.011361480699186903,
  "grad_head": 0.015896947297782234,
  "confusion_matrix_test": [
    [
      33,
      1,
      1,
      4,
      1,
      0,
      10,
      0,
      0,
      0
    ],
    [
      0,
      39,
      0,
      3,
      0,
      0,
      8,
      0,
      0,
      0
    ],
    [
      2,
      0,
      32,
      0,
      9,
      0,
      6,
      0,
      1,
      0
    ],
    [
      3,
      1,
      0,
      32,
      1,
      0,
      11,
      1,
      1,
      0
    ],
    [
      2,
      0,
      8,
      2,
      25,
      0,
      13,
      0,
      0,
      0
    ],
    [
      1,
      0,
      0,
      0,
      0,
      33,
      0,
      9,
      1,
      6
    ],
    [
      10,
      0,
      6,
      3,
      7,
      0,
      22,
      0,
      2,
      0
    ],
    [
      0,
      0,
      0,
      0,
      0,
      2,
      0,
      38,
      0,
      10
    ],
    [
      1,
      0,
      0,
      1,
      0,
      0,
      1,
      0,
      47,
      0
    ],
    [
      0,
      0,
      0,
      0,
      0,
      0,
      0,
      1,
      0,
      49
    ]
  ]
}