{
  "seed": 0,
  "variant": "E3",
  "epoch": 30,
  "nparams_trainable": 3682,
  "train_loss_stepmean": 0.706320214754646,
  "train_loss_diag": 0.5868565643280444,
  "train_acc_diag": 0.79,
  "train_gap_diag": 2.645174606204033,
  "val_loss": 0.8496137367826404,
  "val_acc": 0.722,
  "val_gap": 2.710772718131542,
  "test_loss": 0.7806598731558488,
  "test_acc": 0.724,
  "test_gap": 2.6960450563430784,
  "sec_epoch": 46.03774118423462,
  "sec_quantum_train": 17.881548404693604,
  "sec_quantum_val": 8.074856281280518,
  "sec_quantum_test": 8.080580472946167,
  "e3_fallback_quadrants_train_total": 0,
  "e3_fallback_quadrants_val_total": 0,
  "e3_fallback_quadrants_test_total": 0,
  "pred_hist_test": [
    48,
    47,
    58,
    49,
    42,
    39,
    49,
    57,
    55,
    56
  ],
  "feat_std_mean_test": 0.24044497311115265,
  "grad_e1_embed": 0.0,
  "grad_e4_embed": 0.0,
  "grad_qkernel": 1.2175294192635164,
  "grad_head": 1.6926894659892093,
  "confusion_matrix_test": [
    [
      34,
      1,
      2,
      3,
      2,
      1,
      6,
      0,
      1,
      0
    ],
    [
      0,
      45,
      2,
      3,
      0,
      0,
      0,
      0,
      0,
      0
    ],
    [
      2,
      0,
      27,
      0,
      12,
      1,
      7,
      0,
      1,
      0
    ],
    [
      2,
      1,
      0,
      39,
      0,
      0,
      5,
      0,
      3,
      0
    ],
    [
      1,
      0,
      17,
      2,
      22,
      0,
      6,
      0,
      2,
      0
    ],
    [
      0,
      0,
      0,
      0,
      0,
      35,
      0,
      9,
      2,
      4
    ],
    [
      7,
      0,
      9,
      2,
      5,
      0,
      25,
      0,
      2,
      0
    ],
    [
      0,
      0,
      0,
      0,
      0,
      1,
      0,
      44,
      0,
      5
    ],
    [
      2,
      0,
      1,
      0,
      1,
      1,
      0,
      1,
      44,
      0
    ],
    [
      0,
      0,
      0,
      0,
      0,
      0,
      0,
      3,
      0,
      47
    ]
  ]
}