{
  "seed": 0,
  "variant": "E3",
  "epoch": 15,
  "nparams_trainable": 2978,
  "train_loss_stepmean": 0.46094332616197753,
  "train_loss_diag": 0.38479383687795127,
  "train_acc_diag": 0.866,
  "train_gap_diag": 7.717645486533642,
  "val_loss": 1.3193992767826832,
  "val_acc": 0.732,
  "val_gap": 6.812213436186314,
  "test_loss": 1.194997330266126,
  "test_acc": 0.728,
  "test_gap": 6.960992514252663,
  "sec_epoch": 49.57403206825256,
  "sec_quantum_train": 19.288639068603516,
  "sec_quantum_val": 8.890055418014526,
  "sec_quantum_test": 8.782985925674438,
  "e3_fallback_quadrants_train_total": 0,
  "e3_fallback_quadrants_val_total": 0,
  "e3_fallback_quadrants_test_total": 0,
  "pred_hist_test": [
    51,
    44,
    60,
    54,
    59,
    53,
    30,
    48,
    47,
    54
  ],
  "feat_std_mean_test": 0.22316773235797882,
  "grad_e1_embed": 0.0,
  "grad_e4_embed": 0.0,
  "grad_qkernel": 0.8694620581486411,
  "grad_head": 0.9740351670115238,
  "confusion_matrix_test": [
    [
      33,
      0,
      4,
      4,
      2,
      1,
      5,
      1,
      0,
      0
    ],
    [
      0,
      44,
      0,
      4,
      1,
      0,
      1,
      0,
      0,
      0
    ],
    [
      2,
      0,
      29,
      1,
      14,
      1,
      2,
      1,
      0,
      0
    ],
    [
      6,
      0,
      0,
      36,
      3,
      0,
      3,
      0,
      2,
      0
    ],
    [
      1,
      0,
      9,
      4,
      33,
      1,
      2,
      0,
      0,
      0
    ],
    [
      0,
      0,
      0,
      0,
      0,
      40,
      0,
      6,
      1,
      3
    ],
    [
      6,
      0,
      17,
      4,
      6,
      0,
      17,
      0,
      0,
      0
    ],
    [
      0,
      0,
      0,
      0,
      0,
      9,
      0,
      39,
      0,
      2
    ],
    [
      3,
      0,
      1,
      1,
      0,
      1,
      0,
      0,
      44,
      0
    ],
    [
      0,
      0,
      0,
      0,
      0,
      0,
      0,
      1,
      0,
      49
    ]
  ]
}