{
  "seed": 2,
  "variant": "E2",
  "epoch": 27,
  "nparams_trainable": 3682,
  "train_loss_stepmean": 0.8467565752816881,
  "train_loss_diag": 0.7422947862148285,
  "train_acc_diag": 0.722,
  "train_gap_diag": 2.0031251780986787,
  "val_loss": 0.9892860253991094,
  "val_acc": 0.646,
  "val_gap": 1.9412786507606505,
  "test_loss": 0.9754584794109687,
  "test_acc": 0.638,
  "test_gap": 1.9412782881855966,
  "sec_epoch": 47.518640756607056,
  "sec_quantum_train": 18.232970237731934,
  "sec_quantum_val": 8.67333698272705,
  "sec_quantum_test": 8.504400491714478,
  "e3_fallback_quadrants_train_total": 0,
  "e3_fallback_quadrants_val_total": 0,
  "e3_fallback_quadrants_test_total": 0,
  "pred_hist_test": [
    48,
    58,
    33,
    52,
    61,
    46,
    44,
    50,
    49,
    59
  ],
  "feat_std_mean_test": 0.4240582287311554,
  "grad_e1_embed": 0.0,
  "grad_e4_embed": 0.0,
  "grad_qkernel": 0.4273868873763842,
  "grad_head": 1.5260963876995743,
  "confusion_matrix_test": [
    [
      26,
      4,
      2,
      8,
      1,
      0,
      6,
      0,
      2,
      1
    ],
    [
      1,
      43,
      1,
      3,
      0,
      0,
      2,
      0,
      0,
      0
    ],
    [
      3,
      2,
      20,
      5,
      14,
      0,
      5,
      0,
      1,
      0
    ],
    [
      8,
      4,
      1,
      23,
      5,
      0,
      8,
      0,
      0,
      1
    ],
    [
      1,
      3,
      6,
      3,
      31,
      2,
      4,
      0,
      0,
      0
    ],
    [
      0,
      0,
      0,
      0,
      0,
      33,
      0,
      12,
      0,
      5
    ],
    [
      9,
      1,
      3,
      9,
      10,
      1,
      17,
      0,
      0,
      0
    ],
    [
      0,
      0,
      0,
      0,
      0,
      6,
      0,
      36,
      1,
      7
    ],
    [
      0,
      1,
      0,
      1,
      0,
      1,
      2,
      0,
      45,
      0
    ],
    [
      0,
      0,
      0,
      0,
      0,
      3,
      0,
      2,
      0,
      45
    ]
  ]
}