{
  "seed": 2,
  "variant": "E2",
  "epoch": 15,
  "nparams_trainable": 2978,
  "train_loss_stepmean": 0.6027754092348538,
  "train_loss_diag": 0.6088052775507545,
  "train_acc_diag": 0.808,
  "train_gap_diag": 5.239029486179351,
  "val_loss": 1.4212082627667295,
  "val_acc": 0.652,
  "val_gap": 4.828040177822113,
  "test_loss": 1.7704236898875878,
  "test_acc": 0.638,
  "test_gap": 5.052754081666469,
  "sec_epoch": 50.493393421173096,
  "sec_quantum_train": 19.347721576690674,
  "sec_quantum_val": 9.225589513778687,
  "sec_quantum_test": 9.223236322402954,
  "e3_fallback_quadrants_train_total": 0,
  "e3_fallback_quadrants_val_total": 0,
  "e3_fallback_quadrants_test_total": 0,
  "pred_hist_test": [
    49,
    43,
    33,
    49,
    72,
    32,
    59,
    55,
    43,
    65
  ],
  "feat_std_mean_test": 0.4584936499595642,
  "grad_e1_embed": 0.0,
  "grad_e4_embed": 0.0,
  "grad_qkernel": 2.9108007138783656e-07,
  "grad_head": 6.849605655513965e-07,
  "confusion_matrix_test": [
    [
      26,
      1,
      2,
      5,
      0,
      0,
      14,
      0,
      1,
      1
    ],
    [
      3,
      39,
      0,
      1,
      1,
      0,
      5,
      0,
      1,
      0
    ],
    [
      4,
      0,
      22,
      2,
      14,
      0,
      7,
      0,
      1,
      0
    ],
    [
      4,
      2,
      1,
      29,
      6,
      0,
      8,
      0,
      0,
      0
    ],
    [
      2,
      0,
      5,
      1,
      36,
      0,
      6,
      0,
      0,
      0
    ],
    [
      1,
      0,
      0,
      0,
      0,
      27,
      0,
      14,
      0,
      8
    ],
    [
      7,
      1,
      3,
      6,
      15,
      0,
      16,
      0,
      2,
      0
    ],
    [
      0,
      0,
      0,
      0,
      0,
      3,
      0,
      39,
      0,
      8
    ],
    [
      2,
      0,
      0,
      5,
      0,
      1,
      3,
      0,
      38,
      1
    ],
    [
      0,
      0,
      0,
      0,
      0,
      1,
      0,
      2,
      0,
      47
    ]
  ]
}