variant,val_acc,val_acc,val_loss,val_loss,val_gap,val_gap,test_acc,test_acc,test_loss,test_loss,test_gap,test_gap,sec_epoch,sec_epoch,sec_quantum_train,sec_quantum_train,sec_quantum_val,sec_quantum_val,sec_quantum_test,sec_quantum_test,nparams_trainable,nparams_trainable,e3_fb_test,e3_fb_test
,mean,std,mean,std,mean,std,mean,std,mean,std,mean,std,mean,std,mean,std,mean,std,mean,std,mean,std,mean,std
E1,0.7213333333333333,0.008082903768654752,1.159494684649219,0.14495412199820706,5.21287165949742,0.7877535374553208,0.6986666666666667,0.02100793500878494,1.314987328327084,0.1318920804186349,5.195903965016206,0.8413139738790862,75.8886227607727,0.7289287246808168,30.74657742182414,0.31059358726670994,13.637571016947428,0.14019684480968553,13.416510581970215,0.21695971763580907,2978.0,0.0,0.0,0.0
E2,0.6666666666666666,0.02042873792805933,1.4148949318227617,0.019075774209760196,4.831229835073153,0.2645311551134755,0.662,0.021166010488516743,1.5759457359141742,0.1691274672995175,4.8506934764186544,0.21293836954657827,50.226887702941895,0.2321550056840687,19.234695037206013,0.11029884592393849,9.21536954243978,0.06207103073883433,9.2302192846934,0.019555901547694324,2978.0,0.0,0.0,0.0
E3,0.7226666666666667,0.01137248140615468,1.3724443855124122,0.12890196289012218,7.102391951700052,0.3944073184150955,0.706,0.01907878402833893,1.4391294540756776,0.2926035089479745,7.214568589945634,0.5576939602581933,49.16115538279215,0.42508460917772545,19.1089022954305,0.18207069398806938,8.815832058588663,0.06997229471263332,8.777651151021322,0.04051351945316404,2978.0,0.0,0.0,0.0
E4,0.6933333333333334,0.014742229591663969,1.282590456318838,0.0937139671830944,5.065137288828691,0.48644963685128695,0.6833333333333332,0.027153882472555044,1.429926843251285,0.12891502020160103,5.243179706891378,0.29164770621014796,52.38632527987162,0.6752622736807328,20.065305948257446,0.3276872026287275,9.336703777313232,0.15232459149612548,9.350030819574991,0.1613004940010442,2978.0,0.0,0.0,0.0
