{
  "seed": 1,
  "variant": "E2",
  "epoch": 30,
  "nparams_trainable": 3682,
  "train_loss_stepmean": 0.8112673877947963,
  "train_loss_diag": 0.6386719198862556,
  "train_acc_diag": 0.74,
  "train_gap_diag": 1.8702533485889434,
  "val_loss": 0.9497970294065308,
  "val_acc": 0.668,
  "val_gap": 1.952003124833107,
  "test_loss": 0.971629347993061,
  "test_acc": 0.63,
  "test_gap": 1.9564355199337005,
  "sec_epoch": 47.08042621612549,
  "sec_quantum_train": 18.03644323348999,
  "sec_quantum_val": 8.59457278251648,
  "sec_quantum_test": 8.439486980438232,
  "e3_fallback_quadrants_train_total": 0,
  "e3_fallback_quadrants_val_total": 0,
  "e3_fallback_quadrants_test_total": 0,
  "pred_hist_test": [
    43,
    60,
    30,
    50,
    60,
    44,
    48,
    55,
    58,
    52
  ],
  "feat_std_mean_test": 0.4331783950328827,
  "grad_e1_embed": 0.0,
  "grad_e4_embed": 0.0,
  "grad_qkernel": 0.6542251092070084,
  "grad_head": 1.6850869254596468,
  "confusion_matrix_test": [
    [
      28,
      3,
      1,
      9,
      0,
      1,
      6,
      0,
      2,
      0
    ],
    [
      2,
      41,
      0,
      5,
      0,
      1,
      1,
      0,
      0,
      0
    ],
    [
      2,
      2,
      22,
      2,
      10,
      0,
      8,
      0,
      3,
      1
    ],
    [
      5,
      7,
      0,
      23,
      6,
      0,
      7,
      0,
      2,
      0
    ],
    [
      0,
      3,
      5,
      0,
      31,
      0,
      10,
      0,
      1,
      0
    ],
    [
      0,
      0,
      0,
      0,
      0,
      31,
      0,
      11,
      3,
      5
    ],
    [
      5,
      4,
      2,
      9,
      13,
      0,
      14,
      0,
      2,
      1
    ],
    [
      0,
      0,
      0,
      0,
      0,
      5,
      0,
      40,
      0,
      5
    ],
    [
      1,
      0,
      0,
      2,
      0,
      0,
      2,
      0,
      45,
      0
    ],
    [
      0,
      0,
      0,
      0,
      0,
      6,
      0,
      4,
      0,
      40
    ]
  ]
}