{
  "seed": 1,
  "variant": "E2",
  "epoch": 15,
  "nparams_trainable": 2978,
  "train_loss_stepmean": 0.5959996050033767,
  "train_loss_diag": 0.4616782838333682,
  "train_acc_diag": 0.828,
  "train_gap_diag": 4.79228943747282,
  "val_loss": 1.43001370207734,
  "val_acc": 0.658,
  "val_gap": 4.568307931542397,
  "test_loss": 1.4941289591234663,
  "test_acc": 0.67,
  "test_gap": 4.628331466972828,
  "sec_epoch": 50.06859540939331,
  "sec_quantum_train": 19.12734293937683,
  "sec_quantum_val": 9.271696329116821,
  "sec_quantum_test": 9.215113401412964,
  "e3_fallback_quadrants_train_total": 0,
  "e3_fallback_quadrants_val_total": 0,
  "e3_fallback_quadrants_test_total": 0,
  "pred_hist_test": [
    56,
    49,
    37,
    42,
    55,
    46,
    50,
    54,
    60,
    51
  ],
  "feat_std_mean_test": 0.4702640771865845,
  "grad_e1_embed": 0.0,
  "grad_e4_embed": 0.0,
  "grad_qkernel": 0.23933998747614435,
  "grad_head": 0.20655450654128554,
  "confusion_matrix_test": [
    [
      32,
      1,
      3,
      8,
      0,
      0,
      4,
      0,
      2,
      0
    ],
    [
      3,
      42,
      0,
      2,
      0,
      1,
      2,
      0,
      0,
      0
    ],
    [
      3,
      0,
      22,
      2,
      11,
      0,
      7,
      0,
      5,
      0
    ],
    [
      8,
      5,
      0,
      21,
      7,
      1,
      4,
      0,
      3,
      1
    ],
    [
      0,
      0,
      7,
      3,
      30,
      0,
      10,
      0,
      0,
      0
    ],
    [
      0,
      0,
      1,
      0,
      0,
      35,
      0,
      8,
      1,
      5
    ],
    [
      9,
      1,
      4,
      6,
      7,
      0,
      21,
      0,
      2,
      0
    ],
    [
      0,
      0,
      0,
      0,
      0,
      4,
      0,
      43,
      0,
      3
    ],
    [
      1,
      0,
      0,
      0,
      0,
      0,
      2,
      0,
      47,
      0
    ],
    [
      0,
      0,
      0,
      0,
      0,
      5,
      0,
      3,
      0,
      42
    ]
  ]
}