{
  "seed": 0,
  "variant": "E2",
  "epoch": 15,
  "nparams_trainable": 2978,
  "train_loss_stepmean": 0.585904510833215,
  "train_loss_diag": 0.39926890438299656,
  "train_acc_diag": 0.832,
  "train_gap_diag": 5.539555107712745,
  "val_loss": 1.3934628306242156,
  "val_acc": 0.69,
  "val_gap": 5.09734139585495,
  "test_loss": 1.4632845587314682,
  "test_acc": 0.678,
  "test_gap": 4.8709948806166645,
  "sec_epoch": 50.11867427825928,
  "sec_quantum_train": 19.229020595550537,
  "sec_quantum_val": 9.148822784423828,
  "sec_quantum_test": 9.252308130264282,
  "e3_fallback_quadrants_train_total": 0,
  "e3_fallback_quadrants_val_total": 0,
  "e3_fallback_quadrants_test_total": 0,
  "pred_hist_test": [
    52,
    46,
    51,
    41,
    47,
    62,
    53,
    41,
    57,
    50
  ],
  "feat_std_mean_test": 0.46639472246170044,
  "grad_e1_embed": 0.0,
  "grad_e4_embed": 0.0,
  "grad_qkernel": 2.239537210765505,
  "grad_head": 2.234102311283868,
  "confusion_matrix_test": [
    [
      31,
      3,
      1,
      2,
      1,
      0,
      10,
      0,
      2,
      0
    ],
    [
      1,
      40,
      1,
      5,
      1,
      0,
      2,
      0,
      0,
      0
    ],
    [
      2,
      0,
      27,
      1,
      11,
      1,
      6,
      0,
      2,
      0
    ],
    [
      6,
      3,
      1,
      29,
      1,
      1,
      8,
      0,
      1,
      0
    ],
    [
      1,
      0,
      9,
      2,
      30,
      0,
      7,
      0,
      0,
      1
    ],
    [
      0,
      0,
      0,
      0,
      0,
      41,
      0,
      6,
      1,
      2
    ],
    [
      10,
      0,
      11,
      2,
      3,
      0,
      20,
      0,
      3,
      1
    ],
    [
      0,
      0,
      0,
      0,
      0,
      15,
      0,
      31,
      0,
      4
    ],
    [
      1,
      0,
      1,
      0,
      0,
      0,
      0,
      0,
      48,
      0
    ],
    [
      0,
      0,
      0,
      0,
      0,
      4,
      0,
      4,
      0,
      42
    ]
  ]
}