{
  "seed": 0,
  "variant": "E2",
  "epoch": 30,
  "nparams_trainable": 3682,
  "train_loss_stepmean": 0.8224707988945301,
  "train_loss_diag": 0.6961176017120014,
  "train_acc_diag": 0.75,
  "train_gap_diag": 1.9127640823721885,
  "val_loss": 0.9157342088833684,
  "val_acc": 0.688,
  "val_gap": 1.7660950785279275,
  "test_loss": 0.9371628539273515,
  "test_acc": 0.66,
  "test_gap": 1.7322865966260432,
  "sec_epoch": 47.17431139945984,
  "sec_quantum_train": 18.055127382278442,
  "sec_quantum_val": 8.464066505432129,
  "sec_quantum_test": 8.444613218307495,
  "e3_fallback_quadrants_train_total": 0,
  "e3_fallback_quadrants_val_total": 0,
  "e3_fallback_quadrants_test_total": 0,
  "pred_hist_test": [
    55,
    55,
    49,
    42,
    59,
    44,
    40,
    55,
    49,
    52
  ],
  "feat_std_mean_test": 0.41790956258773804,
  "grad_e1_embed": 0.0,
  "grad_e4_embed": 0.0,
  "grad_qkernel": 0.54715239437827,
  "grad_head": 1.1635403848308106,
  "confusion_matrix_test": [
    [
      31,
      3,
      1,
      7,
      1,
      1,
      5,
      0,
      1,
      0
    ],
    [
      0,
      43,
      0,
      4,
      2,
      0,
      1,
      0,
      0,
      0
    ],
    [
      4,
      1,
      26,
      2,
      11,
      0,
      6,
      0,
      0,
      0
    ],
    [
      7,
      4,
      4,
      22,
      4,
      0,
      7,
      0,
      2,
      0
    ],
    [
      2,
      1,
      9,
      2,
      31,
      0,
      5,
      0,
      0,
      0
    ],
    [
      0,
      0,
      0,
      0,
      0,
      34,
      0,
      11,
      2,
      3
    ],
    [
      9,
      3,
      9,
      3,
      10,
      0,
      15,
      0,
      0,
      1
    ],
    [
      0,
      0,
      0,
      0,
      0,
      6,
      0,
      40,
      0,
      4
    ],
    [
      2,
      0,
      0,
      1,
      0,
      2,
      1,
      0,
      44,
      0
    ],
    [
      0,
      0,
      0,
      1,
      0,
      1,
      0,
      4,
      0,
      44
    ]
  ]
}