{
  "seed": 1,
  "variant": "E4",
  "epoch": 30,
  "nparams_trainable": 3682,
  "train_loss_stepmean": 0.7642835912173468,
  "train_loss_diag": 0.597948501316132,
  "train_acc_diag": 0.752,
  "train_gap_diag": 1.9643480219841003,
  "val_loss": 0.8862414956637659,
  "val_acc": 0.704,
  "val_gap": 2.0623028861880304,
  "test_loss": 0.943818195796106,
  "test_acc": 0.658,
  "test_gap": 2.0051151177287103,
  "sec_epoch": 48.83224654197693,
  "sec_quantum_train": 18.457012176513672,
  "sec_quantum_val": 8.743248224258423,
  "sec_quantum_test": 8.572771549224854,
  "e3_fallback_quadrants_train_total": 0,
  "e3_fallback_quadrants_val_total": 0,
  "e3_fallback_quadrants_test_total": 0,
  "pred_hist_test": [
    44,
    56,
    35,
    56,
    59,
    43,
    42,
    53,
    58,
    54
  ],
  "feat_std_mean_test": 0.42915454506874084,
  "grad_e1_embed": 0.0,
  "grad_e4_embed": 0.7139965728108515,
  "grad_qkernel": 0.43802704740539694,
  "grad_head": 1.7682408036379047,
  "confusion_matrix_test": [
    [
      30,
      3,
      1,
      9,
      0,
      1,
      4,
      0,
      2,
      0
    ],
    [
      3,
      40,
      0,
      6,
      0,
      1,
      0,
      0,
      0,
      0
    ],
    [
      1,
      2,
      22,
      0,
      10,
      0,
      11,
      0,
      4,
      0
    ],
    [
      2,
      8,
      0,
      30,
      4,
      0,
      4,
      0,
      2,
      0
    ],
    [
      0,
      1,
      8,
      1,
      32,
      0,
      8,
      0,
      0,
      0
    ],
    [
      0,
      0,
      0,
      0,
      0,
      33,
      0,
      9,
      3,
      5
    ],
    [
      8,
      2,
      4,
      7,
      12,
      0,
      14,
      0,
      2,
      1
    ],
    [
      0,
      0,
      0,
      0,
      0,
      5,
      0,
      40,
      0,
      5
    ],
    [
      0,
      0,
      0,
      3,
      1,
      0,
      1,
      0,
      45,
      0
    ],
    [
      0,
      0,
      0,
      0,
      0,
      3,
      0,
      4,
      0,
      43
    ]
  ]
}