{
  "seed": 1,
  "variant": "E4",
  "epoch": 15,
  "nparams_trainable": 2978,
  "train_loss_stepmean": 0.5478970546133654,
  "train_loss_diag": 0.4516519762622389,
  "train_acc_diag": 0.836,
  "train_gap_diag": 5.927118320941925,
  "val_loss": 1.3907720090583797,
  "val_acc": 0.688,
  "val_gap": 5.577723146677017,
  "test_loss": 1.3700686953306498,
  "test_acc": 0.698,
  "test_gap": 5.578769606411457,
  "sec_epoch": 52.37952375411987,
  "sec_quantum_train": 20.136321306228638,
  "sec_quantum_val": 9.41743779182434,
  "sec_quantum_test": 9.220593929290771,
  "e3_fallback_quadrants_train_total": 0,
  "e3_fallback_quadrants_val_total": 0,
  "e3_fallback_quadrants_test_total": 0,
  "pred_hist_test": [
    53,
    50,
    53,
    55,
    40,
    48,
    40,
    58,
    58,
    45
  ],
  "feat_std_mean_test": 0.4693984091281891,
  "grad_e1_embed": 0.0,
  "grad_e4_embed": 0.10614560087418426,
  "grad_qkernel": 0.0788157639715261,
  "grad_head": 0.13979271538961247,
  "confusion_matrix_test": [
    [
      36,
      1,
      2,
      7,
      1,
      1,
      1,
      0,
      1,
      0
    ],
    [
      0,
      43,
      0,
      6,
      0,
      1,
      0,
      0,
      0,
      0
    ],
    [
      3,
      0,
      27,
      1,
      7,
      0,
      9,
      0,
      3,
      0
    ],
    [
      6,
      4,
      0,
      32,
      3,
      1,
      4,
      0,
      0,
      0
    ],
    [
      0,
      0,
      17,
      3,
      22,
      0,
      7,
      0,
      1,
      0
    ],
    [
      0,
      0,
      0,
      0,
      0,
      36,
      2,
      9,
      0,
      3
    ],
    [
      8,
      2,
      7,
      6,
      7,
      0,
      17,
      0,
      3,
      0
    ],
    [
      0,
      0,
      0,
      0,
      0,
      6,
      0,
      44,
      0,
      0
    ],
    [
      0,
      0,
      0,
      0,
      0,
      0,
      0,
      0,
      50,
      0
    ],
    [
      0,
      0,
      0,
      0,
      0,
      3,
      0,
      5,
      0,
      42
    ]
  ]
}