{
  "seed": 1,
  "variant": "E3",
  "epoch": 15,
  "nparams_trainable": 2978,
  "train_loss_stepmean": 0.4314755668417612,
  "train_loss_diag": 0.40237330755022627,
  "train_acc_diag": 0.85,
  "train_gap_diag": 7.760618208527565,
  "val_loss": 1.2785286637072202,
  "val_acc": 0.726,
  "val_gap": 6.943500199079514,
  "test_loss": 1.3589173830993981,
  "test_acc": 0.696,
  "test_gap": 6.828719393789768,
  "sec_epoch": 49.184600830078125,
  "sec_quantum_train": 19.113483667373657,
  "sec_quantum_val": 8.806366205215454,
  "sec_quantum_test": 8.815232992172241,
  "e3_fallback_quadrants_train_total": 1,
  "e3_fallback_quadrants_val_total": 1,
  "e3_fallback_quadrants_test_total": 0,
  "pred_hist_test": [
    50,
    62,
    58,
    35,
    44,
    48,
    47,
    43,
    54,
    59
  ],
  "feat_std_mean_test": 0.22580401599407196,
  "grad_e1_embed": 0.0,
  "grad_e4_embed": 0.0,
  "grad_qkernel": 0.0038207951865412587,
  "grad_head": 0.005643892296567494,
  "confusion_matrix_test": [
    [
      33,
      4,
      1,
      4,
      2,
      1,
      1,
      0,
      4,
      0
    ],
    [
      1,
      45,
      0,
      0,
      2,
      1,
      1,
      0,
      0,
      0
    ],
    [
      2,
      1,
      30,
      1,
      9,
      0,
      7,
      0,
      0,
      0
    ],
    [
      5,
      12,
      0,
      25,
      6,
      0,
      1,
      0,
      1,
      0
    ],
    [
      0,
      0,
      18,
      1,
      23,
      0,
      8,
      0,
      0,
      0
    ],
    [
      0,
      0,
      1,
      0,
      0,
      37,
      0,
      5,
      1,
      6
    ],
    [
      9,
      0,
      7,
      4,
      2,
      0,
      26,
      0,
      2,
      0
    ],
    [
      0,
      0,
      0,
      0,
      0,
      4,
      0,
      38,
      1,
      7
    ],
    [
      0,
      0,
      1,
      0,
      0,
      1,
      3,
      0,
      45,
      0
    ],
    [
      0,
      0,
      0,
      0,
      0,
      4,
      0,
      0,
      0,
      46
    ]
  ]
}