{
  "seed": 1,
  "variant": "E3",
  "epoch": 30,
  "nparams_trainable": 3682,
  "train_loss_stepmean": 0.7888119585874575,
  "train_loss_diag": 0.5783593198860398,
  "train_acc_diag": 0.786,
  "train_gap_diag": 2.441115452647209,
  "val_loss": 0.8254343147149339,
  "val_acc": 0.708,
  "val_gap": 2.23752569013834,
  "test_loss": 0.8600333906532905,
  "test_acc": 0.722,
  "test_gap": 2.27999380671978,
  "sec_epoch": 46.30373978614807,
  "sec_quantum_train": 17.972332000732422,
  "sec_quantum_val": 8.112454891204834,
  "sec_quantum_test": 8.114599466323853,
  "e3_fallback_quadrants_train_total": 1,
  "e3_fallback_quadrants_val_total": 1,
  "e3_fallback_quadrants_test_total": 0,
  "pred_hist_test": [
    50,
    47,
    32,
    58,
    49,
    39,
    59,
    52,
    61,
    53
  ],
  "feat_std_mean_test": 0.24306175112724304,
  "grad_e1_embed": 0.0,
  "grad_e4_embed": 0.0,
  "grad_qkernel": 0.524641815114213,
  "grad_head": 1.4829151648373093,
  "confusion_matrix_test": [
    [
      32,
      1,
      0,
      5,
      0,
      1,
      8,
      1,
      2,
      0
    ],
    [
      1,
      43,
      0,
      4,
      1,
      0,
      0,
      0,
      1,
      0
    ],
    [
      6,
      2,
      20,
      0,
      11,
      0,
      10,
      0,
      1,
      0
    ],
    [
      1,
      1,
      0,
      41,
      3,
      0,
      1,
      1,
      2,
      0
    ],
    [
      0,
      0,
      8,
      2,
      29,
      0,
      10,
      0,
      1,
      0
    ],
    [
      0,
      0,
      2,
      0,
      0,
      32,
      1,
      6,
      5,
      4
    ],
    [
      8,
      0,
      2,
      5,
      3,
      1,
      29,
      0,
      2,
      0
    ],
    [
      0,
      0,
      0,
      0,
      0,
      3,
      0,
      43,
      2,
      2
    ],
    [
      2,
      0,
      0,
      1,
      2,
      0,
      0,
      0,
      45,
      0
    ],
    [
      0,
      0,
      0,
      0,
      0,
      2,
      0,
      1,
      0,
      47
    ]
  ]
}