{
  "seed": 2,
  "variant": "E4",
  "epoch": 30,
  "nparams_trainable": 3682,
  "train_loss_stepmean": 0.7925011661868775,
  "train_loss_diag": 0.6759086518111872,
  "train_acc_diag": 0.748,
  "train_gap_diag": 2.1466869633197785,
  "val_loss": 0.9284682086808607,
  "val_acc": 0.65,
  "val_gap": 2.032819625854492,
  "test_loss": 0.9659914238071069,
  "test_acc": 0.644,
  "test_gap": 2.0823605216145515,
  "sec_epoch": 48.87500309944153,
  "sec_quantum_train": 18.259073734283447,
  "sec_quantum_val": 8.611975908279419,
  "sec_quantum_test": 8.77707552909851,
  "e3_fallback_quadrants_train_total": 0,
  "e3_fallback_quadrants_val_total": 0,
  "e3_fallback_quadrants_test_total": 0,
  "pred_hist_test": [
    51,
    51,
    33,
    71,
    60,
    47,
    32,
    48,
    48,
    59
  ],
  "feat_std_mean_test": 0.4258638620376587,
  "grad_e1_embed": 0.0,
  "grad_e4_embed": 1.1270105886105786,
  "grad_qkernel": 0.6486424731115521,
  "grad_head": 1.794639131620991,
  "confusion_matrix_test": [
    [
      26,
      3,
      1,
      12,
      1,
      0,
      5,
      0,
      1,
      1
    ],
    [
      2,
      42,
      0,
      5,
      0,
      0,
      1,
      0,
      0,
      0
    ],
    [
      3,
      1,
      19,
      5,
      14,
      0,
      7,
      0,
      1,
      0
    ],
    [
      7,
      3,
      0,
      33,
      5,
      0,
      2,
      0,
      0,
      0
    ],
    [
      2,
      0,
      6,
      3,
      31,
      2,
      6,
      0,
      0,
      0
    ],
    [
      0,
      0,
      0,
      0,
      0,
      36,
      0,
      10,
      0,
      4
    ],
    [
      11,
      1,
      7,
      12,
      9,
      1,
      8,
      0,
      1,
      0
    ],
    [
      0,
      0,
      0,
      0,
      0,
      6,
      0,
      36,
      1,
      7
    ],
    [
      0,
      1,
      0,
      1,
      0,
      1,
      3,
      0,
      44,
      0
    ],
    [
      0,
      0,
      0,
      0,
      0,
      1,
      0,
      2,
      0,
      47
    ]
  ]
}