{
  "seed": 2,
  "variant": "E4",
  "epoch": 15,
  "nparams_trainable": 2978,
  "train_loss_stepmean": 0.5747500696839491,
  "train_loss_diag": 0.44483336851534083,
  "train_acc_diag": 0.824,
  "train_gap_diag": 4.833714666068554,
  "val_loss": 1.2307068003219523,
  "val_acc": 0.682,
  "val_gap": 4.609909564197063,
  "test_loss": 1.57788910758284,
  "test_acc": 0.652,
  "test_gap": 5.09973530215025,
  "sec_epoch": 53.06496262550354,
  "sec_quantum_train": 20.351662397384644,
  "sec_quantum_val": 9.43166708946228,
  "sec_quantum_test": 9.530733823776245,
  "e3_fallback_quadrants_train_total": 0,
  "e3_fallback_quadrants_val_total": 0,
  "e3_fallback_quadrants_test_total": 0,
  "pred_hist_test": [
    62,
    46,
    27,
    43,
    59,
    42,
    60,
    47,
    51,
    63
  ],
  "feat_std_mean_test": 0.45474207401275635,
  "grad_e1_embed": 0.0,
  "grad_e4_embed": 6.859473157513336e-05,
  "grad_qkernel": 3.21934143628752e-05,
  "grad_head": 5.671570984483099e-05,
  "confusion_matrix_test": [
    [
      31,
      1,
      2,
      6,
      1,
      0,
      6,
      0,
      2,
      1
    ],
    [
      5,
      40,
      0,
      2,
      1,
      0,
      2,
      0,
      0,
      0
    ],
    [
      2,
      0,
      15,
      3,
      14,
      0,
      14,
      0,
      2,
      0
    ],
    [
      6,
      3,
      1,
      27,
      4,
      0,
      9,
      0,
      0,
      0
    ],
    [
      2,
      1,
      5,
      0,
      30,
      1,
      10,
      0,
      0,
      1
    ],
    [
      1,
      0,
      0,
      0,
      0,
      34,
      0,
      11,
      0,
      4
    ],
    [
      12,
      1,
      4,
      5,
      9,
      0,
      18,
      0,
      1,
      0
    ],
    [
      0,
      0,
      0,
      0,
      0,
      6,
      0,
      36,
      1,
      7
    ],
    [
      3,
      0,
      0,
      0,
      0,
      1,
      1,
      0,
      45,
      0
    ],
    [
      0,
      0,
      0,
      0,
      0,
      0,
      0,
      0,
      0,
      50
    ]
  ]
}