{
  "seed": 1,
  "variant": "E1",
  "epoch": 30,
  "nparams_trainable": 3682,
  "train_loss_stepmean": 0.6763766285043566,
  "train_loss_diag": 0.4992697049112176,
  "train_acc_diag": 0.79,
  "train_gap_diag": 2.3875355785787105,
  "val_loss": 0.7492163250107551,
  "val_acc": 0.742,
  "val_gap": 2.3896780269145967,
  "test_loss": 0.7974958571330644,
  "test_acc": 0.718,
  "test_gap": 2.3425645904541015,
  "sec_epoch": 71.62798810005188,
  "sec_quantum_train": 28.60385823249817,
  "sec_quantum_val": 12.630967378616333,
  "sec_quantum_test": 12.631631135940552,
  "e3_fallback_quadrants_train_total": 0,
  "e3_fallback_quadrants_val_total": 0,
  "e3_fallback_quadrants_test_total": 0,
  "pred_hist_test": [
    57,
    49,
    35,
    55,
    50,
    42,
    50,
    52,
    51,
    59
  ],
  "feat_std_mean_test": 0.06819386035203934,
  "grad_e1_embed": 3.3520466203656807,
  "grad_e4_embed": 0.0,
  "grad_qkernel": 1.323549759932783,
  "grad_head": 1.4147488230254137,
  "confusion_matrix_test": [
    [
      39,
      1,
      0,
      2,
      1,
      1,
      5,
      0,
      1,
      0
    ],
    [
      1,
      42,
      0,
      5,
      1,
      0,
      1,
      0,
      0,
      0
    ],
    [
      5,
      0,
      25,
      1,
      6,
      0,
      10,
      0,
      3,
      0
    ],
    [
      1,
      6,
      0,
      39,
      2,
      0,
      1,
      0,
      0,
      1
    ],
    [
      1,
      0,
      3,
      2,
      30,
      1,
      12,
      0,
      1,
      0
    ],
    [
      0,
      0,
      0,
      0,
      0,
      35,
      0,
      9,
      0,
      6
    ],
    [
      10,
      0,
      7,
      5,
      10,
      0,
      17,
      0,
      1,
      0
    ],
    [
      0,
      0,
      0,
      0,
      0,
      3,
      0,
      41,
      0,
      6
    ],
    [
      0,
      0,
      0,
      1,
      0,
      0,
      4,
      0,
      45,
      0
    ],
    [
      0,
      0,
      0,
      0,
      0,
      2,
      0,
      2,
      0,
      46
    ]
  ]
}