{
  "seed": 1,
  "variant": "E1",
  "epoch": 15,
  "nparams_trainable": 2978,
  "train_loss_stepmean": 0.6158450906833874,
  "train_loss_diag": 0.5305372664910929,
  "train_acc_diag": 0.808,
  "train_gap_diag": 4.3779620929360386,
  "val_loss": 1.0166525260427952,
  "val_acc": 0.726,
  "val_gap": 4.5679147809147835,
  "test_loss": 1.1761417314537508,
  "test_acc": 0.72,
  "test_gap": 4.669019168615341,
  "sec_epoch": 76.17593050003052,
  "sec_quantum_train": 30.771365880966187,
  "sec_quantum_val": 13.727603197097778,
  "sec_quantum_test": 13.537605047225952,
  "e3_fallback_quadrants_train_total": 0,
  "e3_fallback_quadrants_val_total": 0,
  "e3_fallback_quadrants_test_total": 0,
  "pred_hist_test": [
    60,
    43,
    27,
    54,
    46,
    34,
    66,
    49,
    53,
    68
  ],
  "feat_std_mean_test": 0.06499409675598145,
  "grad_e1_embed": 12.068625994637397,
  "grad_e4_embed": 0.0,
  "grad_qkernel": 3.1716114251013927,
  "grad_head": 5.014077524226269,
  "confusion_matrix_test": [
    [
      42,
      0,
      0,
      2,
      1,
      0,
      3,
      0,
      2,
      0
    ],
    [
      1,
      40,
      1,
      7,
      1,
      0,
      0,
      0,
      0,
      0
    ],
    [
      5,
      0,
      20,
      1,
      9,
      0,
      13,
      0,
      2,
      0
    ],
    [
      0,
      3,
      0,
      39,
      4,
      0,
      3,
      0,
      0,
      1
    ],
    [
      1,
      0,
      3,
      1,
      28,
      1,
      15,
      0,
      1,
      0
    ],
    [
      0,
      0,
      0,
      0,
      0,
      30,
      0,
      10,
      1,
      9
    ],
    [
      11,
      0,
      3,
      3,
      3,
      0,
      28,
      0,
      2,
      0
    ],
    [
      0,
      0,
      0,
      0,
      0,
      2,
      0,
      39,
      0,
      9
    ],
    [
      0,
      0,
      0,
      1,
      0,
      0,
      4,
      0,
      45,
      0
    ],
    [
      0,
      0,
      0,
      0,
      0,
      1,
      0,
      0,
      0,
      49
    ]
  ]
}