{
  "seed": 2,
  "variant": "E3",
  "epoch": 30,
  "nparams_trainable": 3682,
  "train_loss_stepmean": 0.7493227020886649,
  "train_loss_diag": 0.5962502188244252,
  "train_acc_diag": 0.766,
  "train_gap_diag": 2.635859978556633,
  "val_loss": 0.8399806628981314,
  "val_acc": 0.702,
  "val_gap": 2.5465515002012253,
  "test_loss": 0.900033955390958,
  "test_acc": 0.682,
  "test_gap": 2.559014389157295,
  "sec_epoch": 45.943615674972534,
  "sec_quantum_train": 17.71181893348694,
  "sec_quantum_val": 8.052172899246216,
  "sec_quantum_test": 8.056652307510376,
  "e3_fallback_quadrants_train_total": 1,
  "e3_fallback_quadrants_val_total": 1,
  "e3_fallback_quadrants_test_total": 0,
  "pred_hist_test": [
    56,
    46,
    38,
    51,
    59,
    37,
    43,
    50,
    60,
    60
  ],
  "feat_std_mean_test": 0.23976489901542664,
  "grad_e1_embed": 0.0,
  "grad_e4_embed": 0.0,
  "grad_qkernel": 0.3081781268407035,
  "grad_head": 1.2456166139041993,
  "confusion_matrix_test": [
    [
      35,
      0,
      3,
      3,
      2,
      0,
      4,
      0,
      3,
      0
    ],
    [
      1,
      45,
      0,
      4,
      0,
      0,
      0,
      0,
      0,
      0
    ],
    [
      1,
      0,
      18,
      0,
      14,
      0,
      14,
      0,
      3,
      0
    ],
    [
      9,
      0,
      2,
      36,
      2,
      0,
      0,
      0,
      1,
      0
    ],
    [
      1,
      0,
      8,
      2,
      29,
      1,
      6,
      0,
      3,
      0
    ],
    [
      0,
      0,
      0,
      0,
      0,
      32,
      0,
      9,
      5,
      4
    ],
    [
      9,
      1,
      7,
      4,
      9,
      0,
      18,
      0,
      2,
      0
    ],
    [
      0,
      0,
      0,
      0,
      0,
      2,
      0,
      39,
      1,
      8
    ],
    [
      0,
      0,
      0,
      2,
      3,
      1,
      1,
      0,
      42,
      1
    ],
    [
      0,
      0,
      0,
      0,
      0,
      1,
      0,
      2,
      0,
      47
    ]
  ]
}