{
  "seed": 2,
  "variant": "E3",
  "epoch": 15,
  "nparams_trainable": 2978,
  "train_loss_stepmean": 0.4275842922309745,
  "train_loss_diag": 0.45238270855188983,
  "train_acc_diag": 0.858,
  "train_gap_diag": 8.095042565524578,
  "val_loss": 1.5194052160473335,
  "val_acc": 0.71,
  "val_gap": 7.5514622198343275,
  "test_loss": 1.7634736488615084,
  "test_acc": 0.694,
  "test_gap": 7.853993861794471,
  "sec_epoch": 48.724833250045776,
  "sec_quantum_train": 18.92458415031433,
  "sec_quantum_val": 8.75107455253601,
  "sec_quantum_test": 8.734734535217285,
  "e3_fallback_quadrants_train_total": 1,
  "e3_fallback_quadrants_val_total": 1,
  "e3_fallback_quadrants_test_total": 0,
  "pred_hist_test": [
    49,
    54,
    60,
    43,
    37,
    42,
    54,
    44,
    53,
    64
  ],
  "feat_std_mean_test": 0.22077509760856628,
  "grad_e1_embed": 0.0,
  "grad_e4_embed": 0.0,
  "grad_qkernel": 0.7350211382663776,
  "grad_head": 2.197145510251476,
  "confusion_matrix_test": [
    [
      31,
      1,
      4,
      4,
      0,
      0,
      9,
      0,
      1,
      0
    ],
    [
      0,
      48,
      0,
      1,
      0,
      0,
      1,
      0,
      0,
      0
    ],
    [
      2,
      0,
      27,
      0,
      6,
      1,
      12,
      0,
      2,
      0
    ],
    [
      5,
      4,
      3,
      32,
      1,
      0,
      4,
      0,
      1,
      0
    ],
    [
      0,
      0,
      15,
      2,
      24,
      1,
      7,
      0,
      0,
      1
    ],
    [
      0,
      0,
      0,
      0,
      0,
      35,
      0,
      5,
      2,
      8
    ],
    [
      10,
      1,
      10,
      4,
      5,
      0,
      19,
      0,
      1,
      0
    ],
    [
      0,
      0,
      0,
      0,
      0,
      4,
      0,
      38,
      2,
      6
    ],
    [
      1,
      0,
      1,
      0,
      1,
      1,
      2,
      0,
      44,
      0
    ],
    [
      0,
      0,
      0,
      0,
      0,
      0,
      0,
      1,
      0,
      49
    ]
  ]
}