{
  "seed": 0,
  "variant": "E1",
  "epoch": 15,
  "nparams_trainable": 2978,
  "train_loss_stepmean": 0.5791376327266418,
  "train_loss_diag": 0.6527384671647621,
  "train_acc_diag": 0.79,
  "train_gap_diag": 6.219598952770233,
  "val_loss": 1.3064722711358896,
  "val_acc": 0.726,
  "val_gap": 6.090848617553711,
  "test_loss": 1.438603724621999,
  "test_acc": 0.698,
  "test_gap": 6.166172728836536,
  "sec_epoch": 75.05982089042664,
  "sec_quantum_train": 30.4243323802948,
  "sec_quantum_val": 13.47603964805603,
  "sec_quantum_test": 13.166032791137695,
  "e3_fallback_quadrants_train_total": 0,
  "e3_fallback_quadrants_val_total": 0,
  "e3_fallback_quadrants_test_total": 0,
  "pred_hist_test": [
    55,
    52,
    35,
    32,
    110,
    33,
    20,
    58,
    47,
    58
  ],
  "feat_std_mean_test": 0.06204997003078461,
  "grad_e1_embed": 0.058733328827970735,
  "grad_e4_embed": 0.0,
  "grad_qkernel": 0.019010272344586816,
  "grad_head": 0.007610953989304708,
  "confusion_matrix_test": [
    [
      39,
      1,
      2,
      4,
      3,
      0,
      1,
      0,
      0,
      0
    ],
    [
      0,
      45,
      0,
      3,
      2,
      0,
      0,
      0,
      0,
      0
    ],
    [
      0,
      0,
      21,
      0,
      26,
      0,
      3,
      0,
      0,
      0
    ],
    [
      3,
      6,
      4,
      22,
      13,
      0,
      0,
      0,
      1,
      1
    ],
    [
      1,
      0,
      0,
      0,
      46,
      0,
      3,
      0,
      0,
      0
    ],
    [
      1,
      0,
      0,
      0,
      0,
      31,
      0,
      8,
      1,
      9
    ],
    [
      11,
      0,
      6,
      0,
      18,
      0,
      13,
      0,
      2,
      0
    ],
    [
      0,
      0,
      0,
      0,
      0,
      1,
      0,
      45,
      0,
      4
    ],
    [
      0,
      0,
      2,
      3,
      2,
      0,
      0,
      0,
      43,
      0
    ],
    [
      0,
      0,
      0,
      0,
      0,
      1,
      0,
      5,
      0,
      44
    ]
  ]
}