{
  "seed": 0,
  "variant": "E1",
  "epoch": 30,
  "nparams_trainable": 3682,
  "train_loss_stepmean": 0.700210751757766,
  "train_loss_diag": 0.6189472488898319,
  "train_acc_diag": 0.772,
  "train_gap_diag": 2.2472960259914396,
  "val_loss": 0.7755339654134586,
  "val_acc": 0.734,
  "val_gap": 2.2121194138526916,
  "test_loss": 0.7712419044969138,
  "test_acc": 0.726,
  "test_gap": 2.1186950070261954,
  "sec_epoch": 71.35225653648376,
  "sec_quantum_train": 28.507065534591675,
  "sec_quantum_val": 12.580312252044678,
  "sec_quantum_test": 12.589070558547974,
  "e3_fallback_quadrants_train_total": 0,
  "e3_fallback_quadrants_val_total": 0,
  "e3_fallback_quadrants_test_total": 0,
  "pred_hist_test": [
    47,
    49,
    48,
    63,
    48,
    39,
    45,
    55,
    51,
    55
  ],
  "feat_std_mean_test": 0.07026785612106323,
  "grad_e1_embed": 5.50265516867398,
  "grad_e4_embed": 0.0,
  "grad_qkernel": 1.9202640263497477,
  "grad_head": 1.4729009513215285,
  "confusion_matrix_test": [
    [
      36,
      1,
      1,
      7,
      0,
      0,
      4,
      0,
      1,
      0
    ],
    [
      1,
      41,
      0,
      7,
      1,
      0,
      0,
      0,
      0,
      0
    ],
    [
      1,
      1,
      30,
      0,
      9,
      2,
      7,
      0,
      0,
      0
    ],
    [
      1,
      4,
      0,
      36,
      3,
      0,
      5,
      0,
      1,
      0
    ],
    [
      0,
      1,
      8,
      5,
      31,
      0,
      5,
      0,
      0,
      0
    ],
    [
      0,
      1,
      0,
      0,
      0,
      33,
      0,
      9,
      2,
      5
    ],
    [
      8,
      0,
      7,
      6,
      4,
      0,
      23,
      0,
      2,
      0
    ],
    [
      0,
      0,
      0,
      0,
      0,
      4,
      0,
      42,
      0,
      4
    ],
    [
      0,
      0,
      2,
      2,
      0,
      0,
      1,
      0,
      45,
      0
    ],
    [
      0,
      0,
      0,
      0,
      0,
      0,
      0,
      4,
      0,
      46
    ]
  ]
}