{
  "seed": 2,
  "variant": "E1",
  "epoch": 30,
  "nparams_trainable": 3682,
  "train_loss_stepmean": 0.6902522877426854,
  "train_loss_diag": 0.6282707058152882,
  "train_acc_diag": 0.768,
  "train_gap_diag": 2.289237743854523,
  "val_loss": 0.7542515688340645,
  "val_acc": 0.69,
  "val_gap": 2.31288935226202,
  "test_loss": 0.793756925195863,
  "test_acc": 0.714,
  "test_gap": 2.3123609613180163,
  "sec_epoch": 71.57582402229309,
  "sec_quantum_train": 28.57663583755493,
  "sec_quantum_val": 12.642319679260254,
  "sec_quantum_test": 12.631298303604126,
  "e3_fallback_quadrants_train_total": 0,
  "e3_fallback_quadrants_val_total": 0,
  "e3_fallback_quadrants_test_total": 0,
  "pred_hist_test": [
    37,
    48,
    43,
    73,
    61,
    40,
    36,
    52,
    50,
    60
  ],
  "feat_std_mean_test": 0.06965874135494232,
  "grad_e1_embed": 4.312361341818103,
  "grad_e4_embed": 0.0,
  "grad_qkernel": 1.7435872565998993,
  "grad_head": 1.5052025184318283,
  "confusion_matrix_test": [
    [
      28,
      2,
      0,
      8,
      0,
      0,
      9,
      0,
      3,
      0
    ],
    [
      0,
      44,
      0,
      6,
      0,
      0,
      0,
      0,
      0,
      0
    ],
    [
      1,
      0,
      25,
      2,
      14,
      0,
      7,
      0,
      1,
      0
    ],
    [
      2,
      1,
      0,
      43,
      2,
      1,
      1,
      0,
      0,
      0
    ],
    [
      0,
      0,
      8,
      3,
      35,
      0,
      4,
      0,
      0,
      0
    ],
    [
      0,
      0,
      0,
      0,
      0,
      33,
      0,
      10,
      0,
      7
    ],
    [
      6,
      1,
      7,
      11,
      10,
      0,
      14,
      0,
      1,
      0
    ],
    [
      0,
      0,
      0,
      0,
      0,
      5,
      0,
      41,
      0,
      4
    ],
    [
      0,
      0,
      3,
      0,
      0,
      1,
      1,
      0,
      45,
      0
    ],
    [
      0,
      0,
      0,
      0,
      0,
      0,
      0,
      1,
      0,
      49
    ]
  ]
}