{
  "seed": 2,
  "variant": "E1",
  "epoch": 15,
  "nparams_trainable": 2978,
  "train_loss_stepmean": 0.6184079846649115,
  "train_loss_diag": 0.6891647823938885,
  "train_acc_diag": 0.796,
  "train_gap_diag": 5.010219438433647,
  "val_loss": 1.1553592567689717,
  "val_acc": 0.712,
  "val_gap": 4.979851580023766,
  "test_loss": 1.3302165289055023,
  "test_acc": 0.678,
  "test_gap": 4.752519997596741,
  "sec_epoch": 76.43011689186096,
  "sec_quantum_train": 31.044034004211426,
  "sec_quantum_val": 13.709070205688477,
  "sec_quantum_test": 13.545893907546997,
  "e3_fallback_quadrants_train_total": 0,
  "e3_fallback_quadrants_val_total": 0,
  "e3_fallback_quadrants_test_total": 0,
  "pred_hist_test": [
    52,
    53,
    103,
    53,
    29,
    52,
    6,
    39,
    53,
    60
  ],
  "feat_std_mean_test": 0.06022627651691437,
  "grad_e1_embed": 40.30022410290221,
  "grad_e4_embed": 0.0,
  "grad_qkernel": 12.303450808636283,
  "grad_head": 5.154879582963824,
  "confusion_matrix_test": [
    [
      37,
      1,
      3,
      5,
      0,
      0,
      2,
      0,
      2,
      0
    ],
    [
      1,
      44,
      0,
      5,
      0,
      0,
      0,
      0,
      0,
      0
    ],
    [
      2,
      1,
      41,
      1,
      3,
      0,
      0,
      0,
      2,
      0
    ],
    [
      1,
      4,
      3,
      35,
      6,
      1,
      0,
      0,
      0,
      0
    ],
    [
      0,
      2,
      31,
      1,
      15,
      0,
      1,
      0,
      0,
      0
    ],
    [
      0,
      0,
      0,
      0,
      0,
      38,
      0,
      4,
      2,
      6
    ],
    [
      11,
      1,
      22,
      6,
      5,
      0,
      3,
      0,
      2,
      0
    ],
    [
      0,
      0,
      0,
      0,
      0,
      10,
      0,
      34,
      0,
      6
    ],
    [
      0,
      0,
      3,
      0,
      0,
      1,
      0,
      0,
      45,
      1
    ],
    [
      0,
      0,
      0,
      0,
      0,
      2,
      0,
      1,
      0,
      47
    ]
  ]
}